{
  "train": [
    [41.481412, -88.842236],
    [42.657476, -90.079525],
    [42.018043, -89.446176],
    [41.649735, -89.592927],
    [42.680193, -89.886430],
    [41.331528, -92.025913],
    [40.249748, -91.964123],
    [42.674515, -89.685613],
    [40.367546, -89.955944],
    [41.186372, -88.187202],
    [39.6679328199836, -95.4287818841267],
    [41.8049052687692, -89.9462267030189],
    [37.2292207864713, -86.8936640526172],
    [38.8381287601523, -95.04570706051],
    [40.7992566200523, -81.7018890380859],
    [41.3497073605845, -89.8826967564129],
    [44.0346771143346, -93.8702092820737],
    [43.7839925305993, -92.4227786633144],
    [43.9847601324212, -96.5876326807513],
    [43.0237255888202, -95.8220672607422],
    [43.3076215923193, -83.6174134101217],
    [43.3216247563628, -83.5853737938962],
    [45.3400283876709, -93.7965417477249],
    [45.6151016151883, -95.0171869813459],
    [43.2768273988623, -85.8880524000559],
    [43.4066311779089, -83.6220222827469],
    [43.4089390406588, -83.6679532051476],
    [40.2255287534228, -88.8321466181766],
    [38.7482309848128, -89.6548676255029],
    [40.1637887986809, -89.9943351745605]
  ],
  "test": [
    [42.688610, -91.291927],
    [42.247700, -89.926355],
    [41.273419, -91.377732],
    [40.750285, -94.799985],
    [40.486070, -90.534608],
    [41.488102, -91.697629],
    [42.457540, -91.380441],
    [40.055827, -92.273265],
    [41.201467, -92.079428],
    [43.044133, -90.364267]
  ]
}