{
  "train": [
    [41.481412, -88.842236],
    [42.657476, -90.079525],
    [42.018043, -89.446176],
    [41.649735, -89.592927],
    [42.680193, -89.886430],
    [41.331528, -92.025913],
    [40.249748, -91.964123],
    [42.674515, -89.685613],
    [40.367546, -89.955944],
    [41.186372, -88.187202]
  ],
  "test": [
    [42.688610, -91.291927],
    [42.247700, -89.926355],
    [41.273419, -91.377732],
    [40.750285, -94.799985]
  ]
}